{
    "name": "【云信SMS】手机注册、短信验证码",
    "brief": "通过手机短信登陆、注册、找回密码。<br>官网：<a href='http://www.bbwidc.com' target='_blank'>bbwidc.com</a><br>------2018.5.5-------<br>升级说明：<br>1.修复升级4.0.4无法登录问题。<br>2.修复图标不对齐、不美观等问题。<br>3.限制4.0.4版本更新",
    "version": "1.11",
    "bbs_version": "4.0.4",
    "author": "bbwidc",
    "id": "bbwidc_mobile",
    "installed": 1,
    "enable": 1,
    "hooks_rank": [],
    "overwrites_rank": [],
    "dependencies": []
}